score,sentiment_score,change
70,0.8,-2.047424316406193
70,-0.8,-2.047424316406193
113,0.6,-2.047424316406193
83,-0.7,-2.047424316406193
73,-0.6,6.510162353515568
219,0.2,6.510162353515568
54,-0.7,6.510162353515568
96,0.2,6.510162353515568
193,0.2,6.510162353515568
213,0.0,6.510162353515568
63,0.6,6.510162353515568
110,0.8,6.510162353515568
98,0.8,6.510162353515568
439,0.8,6.510162353515568
423,-0.8,6.510162353515568
82,-0.8,6.510162353515568
170,0.8,6.510162353515568
452,0.8,6.510162353515568
935,0.7,6.510162353515568
162,-0.7,6.510162353515568
102,-0.6,6.510162353515568
228,0.6,6.510162353515568
51,0.8,6.510162353515568
126,0.8,6.510162353515568
95,-0.6,6.510162353515568
71,0.6,6.510162353515568
108,0.8,6.510162353515568
1527,0.8,6.510162353515568
429,0.8,6.510162353515568
82,0.8,6.510162353515568
93,-0.6,6.510162353515568
52,-0.6,6.510162353515568
72,-0.8,6.510162353515568
53,-0.8,6.510162353515568
300,-0.8,6.510162353515568
79,-0.8,6.510162353515568
122,0.6,6.510162353515568
57,0.2,6.510162353515568
117,0.8,6.510162353515568
1544,0.6,6.510162353515568
1049,-0.8,6.510162353515568
341,0.8,6.510162353515568
123,-0.8,6.510162353515568
50,1.0,6.510162353515568
105,0.2,6.510162353515568
210,0.0,6.510162353515568
131,0.2,6.510162353515568
109,0.2,6.510162353515568
884,0.6,6.510162353515568
177,0.8,6.510162353515568
53,0.0,6.510162353515568
109,0.6,6.510162353515568
567,-0.7,6.510162353515568
85,-0.8,6.510162353515568
229,-0.7,6.510162353515568
427,-0.8,6.510162353515568
123,-0.7,6.510162353515568
57,0.0,5.347320556640682
198,-0.7,5.347320556640682
68,-0.7,8.527862548828068
161,0.6,8.527862548828068
61,0.6,8.527862548828068
222,-0.8,8.527862548828068
425,-0.8,8.527862548828068
119,-0.8,8.527862548828068
694,0.8,8.527862548828068
363,-0.8,8.527862548828068
150,0.7,8.527862548828068
124,0.8,8.527862548828068
1268,-0.7,8.527862548828068
146,0.6,8.527862548828068
52,0.2,8.527862548828068
105,0.75,8.527862548828068
73,0.0,8.527862548828068
171,0.7,8.527862548828068
241,0.2,8.527862548828068
75,0.2,8.527862548828068
368,0.6,8.527862548828068
136,0.6,8.527862548828068
56,0.2,8.527862548828068
101,0.2,8.527862548828068
522,-0.8,8.527862548828068
152,-0.75,8.527862548828068
116,-0.8,8.527862548828068
167,-0.7,8.527862548828068
80,-0.8,8.527862548828068
73,0.6,8.527862548828068
124,0.3,8.527862548828068
56,-0.8,8.527862548828068
185,-0.8,8.527862548828068
565,-0.7,8.527862548828068
236,0.6,8.527862548828068
57,-0.8,8.527862548828068
99,-0.7,4.74102783203125
140,0.2,4.74102783203125
60,-0.7,-0.2584228515625
66,0.0,-0.2584228515625
61,0.6,0.95416259765625
74,0.8,0.95416259765625
60,0.0,1.03369140625
564,-0.6,1.03369140625
69,-0.6,1.03369140625
119,0.2,1.03369140625
124,0.8,1.03369140625
105,-0.7,1.03369140625
82,-0.8,1.03369140625
315,0.8,1.03369140625
425,0.2,1.03369140625
50,0.2,1.03369140625
266,-1.0,1.03369140625
79,-0.8,1.03369140625
100,0.8,1.03369140625
472,-0.8,1.03369140625
87,0.2,1.03369140625
92,0.2,1.03369140625
92,-0.8,1.03369140625
84,-0.6,1.03369140625
50,-0.7,1.03369140625
69,0.0,1.03369140625
236,0.8,1.03369140625
1290,-0.8,1.03369140625
465,-0.8,1.03369140625
262,-0.8,1.03369140625
76,-0.7,1.03369140625
419,-0.8,1.03369140625
230,-0.7,1.03369140625
125,0.8,1.03369140625
449,0.7,1.03369140625
56,0.8,1.03369140625
87,-0.8,1.03369140625
175,0.2,1.0137939453125
169,0.7,1.0137939453125
133,0.8,1.0137939453125
51,0.8,1.0137939453125
56,0.2,-0.21868896484369316
235,-0.5,-0.21868896484369316
80,-0.8,-0.21868896484369316
185,0.6,-0.21868896484369316
66,0.0,-0.21868896484369316
444,-0.7,-0.21868896484369316
61,-0.7,-0.21868896484369316
763,-0.8,-0.21868896484369316
162,0.6,-0.21868896484369316
82,0.6,-0.21868896484369316
1182,-0.8,-0.21868896484369316
122,0.7,-0.21868896484369316
75,-0.8,-0.21868896484369316
357,1.0,-0.21868896484369316
65,0.8,-0.21868896484369316
669,0.8,3.130859375
272,0.2,4.26397705078125
68,0.7,4.26397705078125
79,-0.8,4.26397705078125
119,0.2,4.26397705078125
555,0.8,4.26397705078125
161,0.2,4.26397705078125
56,0.2,4.26397705078125
1505,0.2,4.26397705078125
106,0.2,4.26397705078125
673,-0.7,4.26397705078125
768,-1.0,4.26397705078125
122,0.7,4.26397705078125
204,0.0,4.26397705078125
69,-0.6,4.26397705078125
517,0.75,4.26397705078125
313,0.3,4.26397705078125
73,0.2,4.26397705078125
120,-0.6,4.26397705078125
60,0.6,4.26397705078125
59,0.9,4.26397705078125
395,0.6,4.26397705078125
58,0.6,4.26397705078125
201,-0.7,4.26397705078125
55,0.0,4.26397705078125
103,0.3,4.26397705078125
72,0.6,4.26397705078125
498,0.6,4.26397705078125
939,-0.8,4.26397705078125
74,0.2,4.26397705078125
103,0.0,4.26397705078125
70,0.6,4.26397705078125
78,0.3,4.26397705078125
406,0.85,4.26397705078125
163,-0.7,4.26397705078125
85,0.0,4.26397705078125
219,0.8,4.26397705078125
58,-0.8,4.26397705078125
138,0.7,4.26397705078125
267,0.8,4.26397705078125
90,-0.7,4.26397705078125
2087,0.2,4.26397705078125
697,-0.7,4.26397705078125
355,0.0,4.26397705078125
140,0.6,4.26397705078125
142,0.8,1.719451904296875
106,0.8,1.719451904296875
206,0.2,1.719451904296875
148,-0.6,-4.86029052734375
391,-0.8,-4.86029052734375
61,0.7,-4.86029052734375
65,0.5,-4.86029052734375
213,-0.7,-0.83489990234375
93,0.6,-0.83489990234375
65,0.2,-0.83489990234375
179,-0.7,-0.83489990234375
117,-0.7,-0.83489990234375
87,0.2,-0.83489990234375
91,0.2,-0.83489990234375
496,0.2,-0.83489990234375
54,-0.8,-0.83489990234375
71,-0.6,-0.83489990234375
199,-0.8,-0.83489990234375
171,0.8,-0.83489990234375
59,-0.7,-0.83489990234375
273,0.2,-0.83489990234375
72,-0.8,-0.83489990234375
70,0.2,-0.83489990234375
68,0.2,-0.83489990234375
324,0.2,-0.83489990234375
656,0.2,-0.83489990234375
167,-0.8,-0.83489990234375
97,-0.8,-0.83489990234375
68,-0.7,-0.83489990234375
118,0.6,-0.83489990234375
144,-0.7,-0.83489990234375
57,0.2,-0.83489990234375
172,0.6,-0.83489990234375
244,0.8,-0.83489990234375
133,0.6,-0.83489990234375
63,-0.7,-0.83489990234375
1314,-0.8,-0.83489990234375
139,0.3,-0.83489990234375
1549,0.8,-0.83489990234375
122,-0.7,-0.83489990234375
431,0.5,-0.83489990234375
156,0.8,-0.83489990234375
582,-0.8,-0.83489990234375
275,0.1,-0.83489990234375
353,0.2,-0.83489990234375
156,-0.6,2.405303955078125
55,0.6,2.405303955078125
125,0.1,-0.407501220703125
87,0.0,-0.407501220703125
1532,0.2,-0.407501220703125
160,1.0,-0.407501220703125
175,0.1,-0.407501220703125
131,0.6,-0.407501220703125
79,-0.8,-0.407501220703125
304,0.2,-0.407501220703125
71,-0.8,-0.407501220703125
77,0.9,-0.407501220703125
301,-0.7,-0.407501220703125
78,0.8,-0.407501220703125
59,0.2,-0.407501220703125
105,0.6,-0.407501220703125
589,-0.7,-0.407501220703125
441,-0.8,-0.407501220703125
82,-0.7,-0.407501220703125
136,0.7,-0.407501220703125
99,0.8,-0.407501220703125
210,-0.7,-0.407501220703125
249,0.3,-0.407501220703125
432,0.2,-0.407501220703125
130,0.0,-0.407501220703125
163,0.8,-0.407501220703125
85,0.8,-0.407501220703125
165,0.6,-0.407501220703125
58,0.1,-0.407501220703125
96,0.6,-0.407501220703125
53,0.8,-0.407501220703125
299,-0.8,-0.407501220703125
63,0.6,-0.407501220703125
74,0.6,-0.407501220703125
83,-0.7,-0.407501220703125
144,0.8,-0.407501220703125
1184,0.2,-0.407501220703125
1484,0.3,-0.407501220703125
279,0.2,-0.407501220703125
233,-0.6,-0.407501220703125
482,0.6,-0.407501220703125
148,-0.8,-0.407501220703125
59,0.6,-0.407501220703125
462,-0.7,-0.407501220703125
103,-0.8,1.8586425781250568
208,0.6,1.8586425781250568
62,0.6,1.8586425781250568
116,-0.8,1.8586425781250568
72,-0.7,1.8586425781250568
384,0.75,1.8586425781250568
57,-0.6,2.554412841796932
62,-0.6,2.554412841796932
715,0.3,2.454986572265568
152,-0.8,2.454986572265568
167,0.0,2.454986572265568
162,-0.7,2.454986572265568
51,-0.8,2.454986572265568
94,-0.7,2.454986572265568
107,0.6,2.454986572265568
111,0.6,2.454986572265568
65,0.6,2.454986572265568
54,0.3,2.454986572265568
134,-0.8,2.454986572265568
131,0.8,2.454986572265568
192,0.0,2.454986572265568
2810,0.2,2.454986572265568
541,0.0,2.454986572265568
95,0.2,2.454986572265568
87,0.2,2.454986572265568
1164,0.7,2.454986572265568
379,0.6,2.454986572265568
184,-0.7,2.454986572265568
1433,-0.7,2.454986572265568
149,0.2,2.454986572265568
376,0.6,2.454986572265568
70,0.6,2.454986572265568
53,-0.7,2.454986572265568
75,0.6,2.454986572265568
61,-0.7,2.454986572265568
506,-0.8,2.454986572265568
960,0.8,2.454986572265568
123,-0.9,2.454986572265568
101,-0.7,-3.717254638671875
86,0.6,-3.717254638671875
84,0.6,-3.717254638671875
613,0.8,-1.282196044921875
68,0.6,-1.282196044921875
247,0.2,-1.282196044921875
81,0.3,-1.282196044921875
60,0.6,-1.282196044921875
100,0.8,-1.282196044921875
69,-0.7,-1.282196044921875
189,0.2,-1.282196044921875
318,0.8,-1.282196044921875
300,0.6,-1.282196044921875
85,0.5,-1.282196044921875
143,0.6,-1.282196044921875
151,0.6,-1.282196044921875
50,0.7,-1.282196044921875
83,-0.8,-1.282196044921875
115,0.2,-1.282196044921875
82,0.3,-1.282196044921875
96,0.2,-1.282196044921875
180,0.8,-1.282196044921875
353,0.2,-1.282196044921875
462,0.2,-1.282196044921875
138,1.0,-1.282196044921875
61,1.0,-1.282196044921875
147,-0.6,-1.282196044921875
108,-0.7,-1.282196044921875
456,0.6,-1.282196044921875
53,0.6,-1.282196044921875
128,0.6,-1.282196044921875
276,0.0,-1.282196044921875
670,0.2,-1.282196044921875
141,-0.8,-1.282196044921875
2015,0.0,-1.282196044921875
60,-0.7,-1.282196044921875
139,-0.8,-1.282196044921875
82,0.6,-1.282196044921875
267,-0.6,-1.282196044921875
135,-0.6,-1.282196044921875
266,0.6,-1.282196044921875
100,0.6,-1.282196044921875
100,-0.7,-1.282196044921875
119,-0.8,-1.282196044921875
401,0.1,-1.282196044921875
70,-0.8,-1.282196044921875
236,0.7,-1.282196044921875
97,0.2,-5.433441162109375
65,0.2,1.23443603515625
158,0.0,1.23443603515625
57,0.2,1.23443603515625
104,0.7,-2.48876953125
92,0.8,-2.48876953125
54,0.7,-2.48876953125
267,0.7,-2.48876953125
159,-0.7,-2.48876953125
732,-0.7,-2.48876953125
63,-0.8,-2.48876953125
145,-0.7,-2.48876953125
102,-0.7,-2.48876953125
458,-0.6,-2.48876953125
57,-0.7,-2.48876953125
78,1.0,-2.48876953125
146,0.6,-2.48876953125
107,0.2,-2.48876953125
381,0.8,-2.48876953125
193,0.6,-2.48876953125
79,0.6,-2.48876953125
101,0.0,-2.48876953125
78,0.2,-2.48876953125
60,0.6,-2.48876953125
941,0.2,-2.48876953125
227,0.6,-2.48876953125
184,0.1,-2.48876953125
202,0.6,-2.48876953125
103,-0.7,-2.48876953125
60,-0.8,-2.48876953125
341,0.2,-2.48876953125
166,0.2,2.797393798828125
57,0.2,2.797393798828125
227,0.5,4.041778564453125
55,0.0,4.041778564453125
68,0.6,4.041778564453125
136,0.7,5.096954345703182
343,0.2,5.096954345703182
833,0.1,5.096954345703182
183,0.7,5.096954345703182
52,0.6,5.096954345703182
82,-0.6,5.096954345703182
70,0.0,5.096954345703182
332,0.3,5.096954345703182
55,0.75,5.096954345703182
62,-0.7,5.096954345703182
68,0.15,5.096954345703182
52,-0.7,5.096954345703182
118,0.0,5.096954345703182
72,0.8,5.096954345703182
93,0.7,5.096954345703182
88,-0.8,5.096954345703182
62,-0.8,5.096954345703182
75,0.6,5.096954345703182
99,-0.7,5.096954345703182
176,-0.7,5.096954345703182
89,-0.8,5.096954345703182
563,0.3,5.096954345703182
177,0.0,5.096954345703182
120,0.6,5.096954345703182
64,-0.8,5.096954345703182
132,-0.8,5.096954345703182
53,0.8,5.096954345703182
487,-0.6,5.096954345703182
194,0.6,5.096954345703182
91,-0.8,5.096954345703182
76,0.0,5.096954345703182
329,0.5,5.096954345703182
364,0.2,5.096954345703182
86,0.6,5.096954345703182
94,0.0,-10.98040771484375
94,0.5,-10.98040771484375
124,0.6,2.87701416015625
71,0.3,2.87701416015625
90,-0.8,2.87701416015625
208,0.6,2.87701416015625
266,0.6,2.87701416015625
406,-0.7,2.87701416015625
109,-0.7,2.87701416015625
622,0.6,2.87701416015625
74,-0.5,2.87701416015625
347,0.7,2.87701416015625
78,0.6,2.87701416015625
56,-0.7,2.87701416015625
62,0.7,2.87701416015625
680,0.0,2.87701416015625
70,-0.6,2.87701416015625
142,-0.6,2.87701416015625
262,0.6,2.87701416015625
58,-0.8,2.87701416015625
71,0.2,2.87701416015625
101,0.8,2.87701416015625
140,0.2,2.87701416015625
1076,-0.8,2.87701416015625
195,0.8,2.87701416015625
77,-0.7,2.87701416015625
52,0.6,2.87701416015625
204,0.8,2.87701416015625
61,0.8,2.87701416015625
132,-0.9,2.87701416015625
51,0.0,2.87701416015625
117,-0.7,2.87701416015625
74,0.0,2.87701416015625
221,-0.8,2.87701416015625
131,0.6,2.87701416015625
274,0.6,2.87701416015625
103,0.6,2.87701416015625
158,0.8,2.87701416015625
155,-0.8,1.324005126953125
51,-0.7,1.324005126953125
80,-0.7,1.324005126953125
98,0.7,1.324005126953125
101,-0.4,-4.23095703125
160,0.7,-4.23095703125
68,0.6,-4.23095703125
58,0.8,-4.23095703125
322,-0.5,-4.23095703125
96,0.6,-4.23095703125
69,-0.6,-4.23095703125
479,0.3,-4.23095703125
79,-0.7,-4.23095703125
57,0.6,-4.23095703125
84,0.2,-4.23095703125
53,0.2,-4.23095703125
69,-0.8,-4.23095703125
82,-0.5,-4.23095703125
141,-0.7,-4.23095703125
70,-0.7,-4.23095703125
455,-0.6,-4.23095703125
264,-0.7,-4.23095703125
58,-0.5,-4.23095703125
80,0.6,-4.23095703125
165,-0.6,-4.23095703125
386,0.5,-4.23095703125
179,-0.7,-4.23095703125
93,0.6,-4.23095703125
729,0.8,-4.23095703125
78,0.2,-4.23095703125
81,0.5,-4.23095703125
173,0.6,-4.23095703125
316,0.5,-4.23095703125
52,-0.8,-5.0870361328125
234,-0.8,4.67889404296875
54,-0.8,4.67889404296875
120,0.6,4.67889404296875
256,0.2,4.67889404296875
189,0.8,4.67889404296875
412,0.0,4.67889404296875
54,0.2,4.67889404296875
73,-0.8,4.67889404296875
217,0.3,4.67889404296875
151,0.6,4.67889404296875
154,0.8,4.67889404296875
112,0.8,4.67889404296875
332,-0.7,4.67889404296875
96,0.2,4.67889404296875
1431,-0.8,4.67889404296875
91,-0.7,4.67889404296875
55,-0.8,4.67889404296875
231,0.6,4.67889404296875
2240,-0.8,4.67889404296875
152,0.8,4.67889404296875
94,0.8,4.67889404296875
89,-0.7,4.67889404296875
74,-0.8,4.67889404296875
607,0.75,4.67889404296875
108,0.3,4.67889404296875
312,-0.8,4.67889404296875
273,0.8,4.67889404296875
170,0.0,4.67889404296875
74,0.2,4.67889404296875
76,-0.8,0.925811767578125
55,1.0,0.925811767578125
62,0.3,0.925811767578125
163,-0.6,0.925811767578125
69,-0.6,0.925811767578125
430,-0.7,0.925811767578125
68,-0.7,0.925811767578125
170,-0.9,0.925811767578125
84,0.75,0.925811767578125
51,-0.7,-11.35870361328125
195,0.2,-11.35870361328125
67,0.6,-11.35870361328125
74,0.6,-10.8609619140625
296,0.6,-10.8609619140625
409,0.8,-10.8609619140625
81,-0.7,-10.8609619140625
61,-0.7,-10.8609619140625
212,-0.8,-10.8609619140625
95,0.0,-10.8609619140625
163,-0.7,-10.8609619140625
54,0.2,-10.8609619140625
71,-0.7,-10.8609619140625
125,0.5,-10.8609619140625
132,0.2,-10.8609619140625
139,-0.7,-10.8609619140625
398,-0.7,-10.8609619140625
625,0.3,-10.8609619140625
76,0.6,-10.8609619140625
55,0.6,-10.8609619140625
110,0.6,-10.8609619140625
54,0.0,-10.8609619140625
201,0.8,-10.8609619140625
291,0.1,-10.8609619140625
167,0.2,-10.8609619140625
77,0.6,-10.8609619140625
103,0.3,-10.8609619140625
311,-0.7,-10.8609619140625
83,-0.7,-10.8609619140625
210,-0.8,-10.8609619140625
176,0.6,-10.8609619140625
100,0.25,-10.8609619140625
216,-0.7,-10.8609619140625
671,-0.8,-10.8609619140625
108,-0.7,-10.8609619140625
232,-0.6,-10.8609619140625
208,-0.8,-10.8609619140625
63,0.6,-10.8609619140625
1220,0.8,-10.8609619140625
58,0.5,-10.8609619140625
348,0.8,-10.8609619140625
237,0.2,-10.8609619140625
68,0.8,-10.8609619140625
55,0.7,-10.8609619140625
78,0.8,-10.8609619140625
75,0.2,-10.8609619140625
174,-0.7,-10.8609619140625
133,0.2,-10.8609619140625
107,-0.7,-10.8609619140625
421,-0.9,-10.8609619140625
290,0.8,-10.8609619140625
59,-0.8,-10.8609619140625
1698,-0.8,-10.8609619140625
81,0.6,-10.8609619140625
1020,-0.7,-10.8609619140625
129,0.0,-10.8609619140625
141,0.6,-10.8609619140625
109,0.7,-10.8609619140625
84,0.7,-13.31982421875
191,0.6,-13.31982421875
53,-0.6,-13.31982421875
3202,-0.8,-13.31982421875
180,-0.7,13.240264892578125
69,-0.8,2.329437255859375
147,-0.8,2.329437255859375
154,0.7,2.329437255859375
864,0.8,2.329437255859375
68,0.2,2.329437255859375
53,0.6,2.329437255859375
839,0.8,2.329437255859375
249,0.8,2.329437255859375
85,-0.6,2.329437255859375
92,-0.7,2.329437255859375
53,0.8,2.329437255859375
129,0.7,2.329437255859375
95,0.0,2.329437255859375
107,0.2,2.329437255859375
61,-0.8,0.96563720703125
85,0.0,11.637451171875
135,0.8,0.60723876953125
52,0.75,0.60723876953125
60,0.6,0.60723876953125
380,0.2,0.60723876953125
89,-0.7,0.60723876953125
71,-0.8,0.60723876953125
81,0.6,0.60723876953125
294,0.7,0.60723876953125
160,0.8,0.60723876953125
105,0.7,0.60723876953125
122,0.7,0.60723876953125
338,0.0,0.60723876953125
72,-0.8,0.60723876953125
76,-0.6,0.60723876953125
592,0.6,0.60723876953125
107,0.7,0.60723876953125
77,0.2,0.60723876953125
501,-0.7,0.60723876953125
69,0.8,0.60723876953125
119,0.75,0.60723876953125
122,0.6,0.60723876953125
64,0.7,0.60723876953125
253,0.7,0.60723876953125
398,0.8,0.60723876953125
1100,0.7,0.60723876953125
58,0.8,0.60723876953125
748,0.8,0.60723876953125
195,0.2,0.60723876953125
99,-0.8,0.60723876953125
79,-0.7,0.60723876953125
125,0.8,6.211944580078125
124,0.2,5.126861572265625
103,-0.7,5.126861572265625
108,-0.5,5.126861572265625
98,0.0,5.126861572265625
68,0.6,5.126861572265625
186,-0.8,5.126861572265625
1010,0.2,5.126861572265625
212,0.6,5.126861572265625
54,0.6,5.126861572265625
121,-0.8,5.126861572265625
111,0.5,5.126861572265625
326,-0.8,5.126861572265625
258,0.8,5.126861572265625
209,-0.8,5.126861572265625
51,-0.8,5.126861572265625
148,0.2,5.126861572265625
171,0.0,5.126861572265625
72,-0.7,5.126861572265625
94,0.2,5.126861572265625
490,-0.7,5.126861572265625
175,-0.8,5.126861572265625
50,-0.8,5.126861572265625
343,-0.7,5.126861572265625
1170,0.6,5.126861572265625
1088,-0.8,5.126861572265625
328,0.2,5.126861572265625
315,0.0,5.126861572265625
539,0.7,5.126861572265625
522,0.2,5.126861572265625
156,0.2,5.126861572265625
80,0.8,5.126861572265625
363,0.6,5.126861572265625
252,0.8,5.126861572265625
81,0.2,5.126861572265625
261,-0.7,5.126861572265625
248,-0.8,5.126861572265625
1330,0.8,5.126861572265625
1097,0.8,5.126861572265625
120,-0.6,5.126861572265625
2445,0.7,5.126861572265625
3678,-0.8,5.126861572265625
138,0.6,5.126861572265625
477,0.6,5.126861572265625
68,-0.8,5.126861572265625
1703,0.8,5.126861572265625
56,0.7,-4.6390380859375
83,1.0,5.584747314453125
128,-0.7,5.584747314453125
130,-0.7,5.584747314453125
376,0.2,5.584747314453125
379,0.2,5.584747314453125
56,0.6,5.584747314453125
54,0.6,5.584747314453125
65,0.2,5.584747314453125
64,0.6,5.584747314453125
183,-0.8,5.584747314453125
170,0.5,5.584747314453125
532,0.8,5.584747314453125
83,-0.8,5.584747314453125
60,0.6,5.584747314453125
70,0.8,5.584747314453125
66,0.6,5.584747314453125
238,0.0,5.584747314453125
101,-0.8,5.584747314453125
52,0.5,5.584747314453125
175,-0.8,5.584747314453125
87,-0.7,5.584747314453125
84,-0.85,5.584747314453125
182,0.0,5.584747314453125
1002,-0.7,5.584747314453125
1000,-0.7,5.584747314453125
78,0.8,5.584747314453125
147,0.2,5.584747314453125
63,0.8,-14.394958496093693
57,0.8,-14.394958496093693
75,0.2,0.428070068359375
792,0.6,0.428070068359375
178,0.6,-12.294464111328125
207,0.6,-12.294464111328125
84,-0.7,-12.294464111328125
133,0.6,-12.294464111328125
90,0.6,-12.294464111328125
541,0.2,-12.294464111328125
129,-0.7,-12.294464111328125
331,0.6,-12.294464111328125
75,0.2,-12.294464111328125
220,-0.9,-12.294464111328125
159,-0.75,-12.294464111328125
304,0.7,-12.294464111328125
798,0.0,-12.294464111328125
289,0.8,-12.294464111328125
234,0.8,-12.294464111328125
273,0.7,-12.294464111328125
294,0.6,-12.294464111328125
442,-0.8,-12.294464111328125
219,0.6,-12.294464111328125
213,-1.0,-12.294464111328125
155,0.8,-12.294464111328125
166,0.6,-12.294464111328125
89,0.6,-12.294464111328125
73,0.85,-12.294464111328125
117,-0.7,-12.294464111328125
56,0.2,-12.294464111328125
1512,-0.7,-12.294464111328125
191,-0.7,-12.294464111328125
3945,-0.8,-12.294464111328125
2078,0.8,-12.294464111328125
1389,0.8,-12.294464111328125
195,0.2,-12.294464111328125
289,0.2,-12.294464111328125
80,-0.8,-12.294464111328125
60,-0.7,-12.294464111328125
5847,0.85,-12.294464111328125
228,-1.0,-12.294464111328125
221,0.8,-12.294464111328125
150,0.0,-12.294464111328125
83,0.8,-12.294464111328125
355,0.2,-12.294464111328125
76,0.8,-12.294464111328125
88,-0.8,-12.294464111328125
329,0.1,-12.294464111328125
149,-0.8,-12.294464111328125
886,0.2,-12.294464111328125
98,-0.8,-12.294464111328125
855,0.8,-12.294464111328125
58,0.6,-12.294464111328125
96,0.8,-12.294464111328125
431,0.6,-12.294464111328125
50,0.2,-12.294464111328125
66,-0.7,-12.294464111328125
93,-0.8,-12.294464111328125
52,0.8,5.744049072265625
133,0.8,5.744049072265625
68,0.3,4.579345703125
809,0.6,4.579345703125
102,-0.7,4.579345703125
144,0.6,4.579345703125
156,0.8,4.579345703125
79,0.6,2.1104736328125
70,-0.7,2.1104736328125
241,-0.8,2.1104736328125
64,0.8,2.1104736328125
412,-0.7,2.1104736328125
260,0.1,2.1104736328125
57,-0.7,2.1104736328125
66,0.1,2.1104736328125
85,0.8,2.1104736328125
50,0.8,2.1104736328125
93,0.6,2.1104736328125
282,0.6,2.1104736328125
80,-0.7,2.1104736328125
794,0.2,2.1104736328125
138,-0.7,2.1104736328125
60,0.8,2.1104736328125
109,-0.7,2.1104736328125
76,0.2,2.1104736328125
59,0.2,2.1104736328125
611,1.0,2.1104736328125
143,0.3,2.1104736328125
88,0.7,2.1104736328125
157,0.6,2.1104736328125
963,-0.6,2.1104736328125
109,0.6,2.1104736328125
86,1.0,2.1104736328125
100,-0.7,2.1104736328125
76,-0.7,2.1104736328125
212,-0.8,2.1104736328125
747,-1.0,2.1104736328125
213,0.2,2.1104736328125
84,-0.7,2.1104736328125
57,0.6,2.1104736328125
255,0.3,2.1104736328125
1120,-0.7,2.1104736328125
510,-0.7,2.1104736328125
183,0.6,2.1104736328125
1948,-0.8,2.1104736328125
129,0.8,2.1104736328125
54,0.8,2.1104736328125
304,0.0,2.1104736328125
50,0.2,2.1104736328125
1699,-0.7,2.1104736328125
157,0.75,2.1104736328125
92,0.0,2.1104736328125
80,0.3,2.1104736328125
767,-0.8,2.1104736328125
262,0.0,2.1104736328125
75,-0.8,2.1104736328125
264,-0.8,2.1104736328125
1553,0.7,2.1104736328125
300,-1.0,2.1104736328125
50,-0.7,2.1104736328125
170,0.8,2.1104736328125
131,-0.5,2.1104736328125
115,0.2,2.1104736328125
154,0.6,2.1104736328125
2141,0.6,2.1104736328125
213,-0.7,2.1104736328125
352,0.6,2.1104736328125
452,-0.7,2.1104736328125
580,-0.8,2.1104736328125
671,0.8,-2.090576171875
67,1.0,11.86639404296875
61,0.0,11.86639404296875
136,-0.7,11.86639404296875
419,0.2,11.86639404296875
164,0.6,11.86639404296875
167,-0.7,-0.9158630371093182
159,0.2,-0.9158630371093182
281,0.2,-0.9158630371093182
52,-0.8,-0.9158630371093182
182,-0.7,-0.9158630371093182
104,0.6,-0.9158630371093182
106,-0.8,-0.9158630371093182
219,-0.7,-0.9158630371093182
63,-0.7,-0.9158630371093182
92,0.6,-0.9158630371093182
131,-0.7,-0.9158630371093182
131,0.8,-0.9158630371093182
209,0.6,-0.9158630371093182
264,-0.8,-0.9158630371093182
163,0.6,-0.9158630371093182
94,0.2,-0.9158630371093182
1256,0.6,-0.9158630371093182
714,-0.7,-0.9158630371093182
59,0.6,-0.9158630371093182
394,-0.6,-0.9158630371093182
105,-1.0,-0.9158630371093182
3550,-0.8,-0.9158630371093182
396,-0.8,-0.9158630371093182
507,0.8,-0.9158630371093182
1378,0.0,-0.9158630371093182
2412,-0.7,-0.9158630371093182
912,0.2,-0.9158630371093182
55,-0.7,-0.9158630371093182
231,-0.8,-0.9158630371093182
228,-0.7,-0.9158630371093182
1880,0.2,-0.9158630371093182
55,-0.9,-0.9158630371093182
58,0.6,-0.9158630371093182
268,-1.0,-0.9158630371093182
828,0.0,-0.9158630371093182
75,-0.8,-0.9158630371093182
495,0.6,-0.9158630371093182
201,0.8,-0.9158630371093182
192,-0.7,-0.9158630371093182
78,0.8,-0.9158630371093182
106,0.2,-0.9158630371093182
391,0.6,-0.9158630371093182
64,-0.7,-0.9158630371093182
367,-0.7,-0.9158630371093182
588,0.8,-0.9158630371093182
176,0.2,-0.9158630371093182
88,0.2,-0.9158630371093182
95,-0.8,-0.9158630371093182
93,0.8,-0.9158630371093182
155,0.6,-0.9158630371093182
165,0.2,-0.9158630371093182
81,-0.6,1.2730712890625
118,0.1,1.2730712890625
75,0.2,-2.711608886718693
302,0.1,-2.711608886718693
515,0.0,-2.711608886718693
66,0.7,-2.711608886718693
713,-0.9,-2.711608886718693
122,0.0,-2.711608886718693
81,0.8,-2.711608886718693
176,0.2,-2.711608886718693
135,-0.7,-2.711608886718693
58,-0.7,-2.711608886718693
137,0.2,-0.35888671875
65,0.6,5.712249755859375
98,0.5,5.712249755859375
67,0.8,5.712249755859375
247,0.7,5.712249755859375
132,0.8,5.712249755859375
96,0.6,5.712249755859375
69,0.8,5.712249755859375
126,0.2,5.712249755859375
52,0.3,5.712249755859375
80,0.6,5.712249755859375
73,0.7,5.712249755859375
5935,-0.8,5.712249755859375
989,0.2,5.712249755859375
563,0.6,5.712249755859375
885,-0.8,5.712249755859375
548,0.1,5.712249755859375
97,0.6,5.712249755859375
229,0.2,5.712249755859375
130,0.8,5.712249755859375
55,-0.7,5.712249755859375
64,0.7,5.712249755859375
467,0.2,5.712249755859375
1181,0.8,5.712249755859375
1919,0.8,5.712249755859375
3024,-0.8,5.712249755859375
428,0.1,5.712249755859375
738,0.2,5.712249755859375
396,0.2,5.712249755859375
84,0.8,5.712249755859375
170,0.1,5.712249755859375
265,0.6,5.712249755859375
95,-0.7,5.712249755859375
81,-0.8,5.712249755859375
182,-0.8,5.712249755859375
62,0.6,5.712249755859375
165,-0.6,5.712249755859375
371,0.6,5.712249755859375
160,0.8,5.712249755859375
127,-0.7,5.712249755859375
2104,-0.6,5.712249755859375
841,-0.8,5.712249755859375
430,0.8,5.712249755859375
1518,-0.8,5.712249755859375
5511,0.0,5.712249755859375
1810,0.6,5.712249755859375
170,0.8,-5.203826904296875
508,0.2,-5.203826904296875
97,0.0,-5.203826904296875
83,0.0,0.767578125
54,0.3,0.767578125
97,-0.8,0.767578125
114,-0.6,0.767578125
56,0.2,0.767578125
182,-0.8,0.767578125
54,0.8,0.767578125
83,-0.8,0.767578125
205,-0.8,0.767578125
50,0.6,0.767578125
146,0.9,0.767578125
153,0.6,0.767578125
74,0.8,0.767578125
86,1.0,0.767578125
53,0.6,0.767578125
54,0.6,0.767578125
245,-1.0,0.767578125
246,-1.0,0.767578125
1681,-0.5,0.767578125
1678,0.1,0.767578125
98,0.75,0.767578125
95,0.8,0.767578125
793,0.2,0.767578125
513,0.7,0.767578125
516,0.7,0.767578125
207,0.8,0.767578125
208,0.8,0.767578125
56,-0.8,0.767578125
149,0.6,0.767578125
151,0.6,0.767578125
51,0.6,0.767578125
66,0.6,4.127227783203125
65,0.6,4.127227783203125
52,0.6,4.127227783203125
57,0.8,3.210021972656193
89,-0.6,3.210021972656193
58,0.5,3.210021972656193
920,-0.7,3.210021972656193
117,0.7,3.210021972656193
104,0.2,3.210021972656193
378,0.9,3.210021972656193
264,-0.8,3.210021972656193
473,0.7,3.210021972656193
2495,0.0,3.210021972656193
599,0.1,3.210021972656193
53,-0.75,3.210021972656193
182,-0.8,3.210021972656193
589,0.8,3.210021972656193
464,-0.8,3.210021972656193
172,-0.8,3.210021972656193
111,-0.8,3.210021972656193
120,-0.7,3.210021972656193
1331,-1.0,3.210021972656193
68,-0.8,3.210021972656193
63,0.6,3.210021972656193
149,0.8,3.210021972656193
409,-0.8,3.210021972656193
354,0.2,3.210021972656193
91,0.7,3.210021972656193
114,-0.9,3.210021972656193
112,0.6,3.210021972656193
230,-1.0,3.210021972656193
1281,0.2,3.210021972656193
716,0.2,3.210021972656193
341,0.1,3.210021972656193
209,1.0,3.210021972656193
3525,0.2,3.210021972656193
98,0.2,3.210021972656193
112,0.0,3.210021972656193
421,0.3,3.210021972656193
236,-0.8,3.210021972656193
71,0.0,3.210021972656193
67,0.6,0.9470825195313068
50,0.0,2.99072265625
66,0.2,2.99072265625
101,0.6,2.99072265625
180,-0.6,2.99072265625
191,-0.7,2.99072265625
603,0.6,2.99072265625
84,0.8,2.99072265625
378,-0.8,2.99072265625
264,-0.8,2.99072265625
62,0.0,2.99072265625
939,0.8,2.99072265625
707,-0.8,2.99072265625
76,0.8,2.99072265625
206,0.6,2.99072265625
441,0.2,2.99072265625
125,-0.6,2.99072265625
479,0.8,2.99072265625
177,0.0,2.99072265625
568,-0.7,2.99072265625
108,-0.7,2.99072265625
94,-0.7,2.99072265625
173,0.8,2.99072265625
116,0.2,2.99072265625
50,-0.8,2.99072265625
339,0.75,2.99072265625
217,0.2,2.99072265625
66,0.8,2.99072265625
121,-0.7,2.99072265625
54,-0.8,2.99072265625
86,0.3,0.079742431640625
129,0.6,0.079742431640625
62,-0.75,0.079742431640625
193,-0.85,0.079742431640625
353,0.6,0.079742431640625
159,0.6,-12.491180419921818
83,0.0,-12.491180419921818
64,-0.7,-12.491180419921818
56,-1.0,-12.491180419921818
141,0.2,-12.491180419921818
550,0.2,3.568878173828068
240,-0.8,3.568878173828068
166,0.2,3.568878173828068
118,-0.7,3.568878173828068
157,-0.8,3.568878173828068
144,0.8,3.568878173828068
73,1.0,3.568878173828068
108,0.8,3.568878173828068
113,0.2,3.568878173828068
74,-0.8,3.568878173828068
60,0.6,3.568878173828068
124,-0.6,3.568878173828068
67,0.2,3.568878173828068
102,-0.5,3.568878173828068
99,-0.6,3.568878173828068
133,0.2,3.568878173828068
159,0.8,3.568878173828068
59,0.6,3.568878173828068
583,-0.6,3.568878173828068
326,0.6,3.568878173828068
90,0.8,3.568878173828068
83,0.8,3.568878173828068
167,0.75,3.568878173828068
167,0.6,3.568878173828068
186,0.5,3.568878173828068
101,0.2,3.568878173828068
70,-0.7,3.568878173828068
66,0.05,3.568878173828068
83,0.2,3.568878173828068
96,-0.7,3.568878173828068
364,0.85,3.568878173828068
367,-0.8,3.568878173828068
282,-0.8,3.568878173828068
336,0.2,3.568878173828068
445,0.6,3.568878173828068
114,0.2,3.568878173828068
422,0.3,3.568878173828068
98,-0.8,3.568878173828068
56,0.2,3.568878173828068
92,-0.8,3.568878173828068
92,0.2,3.568878173828068
85,0.7,3.568878173828068
54,0.0,3.568878173828068
169,-0.6,3.568878173828068
1635,0.6,3.568878173828068
55,-0.8,3.568878173828068
95,0.1,3.568878173828068
325,0.2,3.568878173828068
126,-0.7,3.568878173828068
1410,0.8,3.568878173828068
658,0.6,3.568878173828068
245,0.2,3.568878173828068
76,0.2,3.568878173828068
101,-0.8,3.568878173828068
57,-0.8,3.568878173828068
170,0.6,3.568878173828068
179,0.2,3.568878173828068
104,0.8,3.568878173828068
110,-0.8,3.568878173828068
78,0.6,0.598236083984375
194,0.6,0.598236083984375
138,0.2,0.598236083984375
63,-0.8,0.598236083984375
201,-0.4,0.598236083984375
729,-0.7,0.598236083984375
68,-0.4,0.598236083984375
185,-0.8,0.598236083984375
88,-0.8,0.598236083984375
96,0.7,0.598236083984375
507,0.7,0.598236083984375
52,-0.8,0.598236083984375
407,0.5,0.598236083984375
65,0.8,0.598236083984375
55,-0.4,0.598236083984375
215,-0.7,0.598236083984375
144,0.3,0.598236083984375
151,-0.6,0.598236083984375
65,0.5,0.598236083984375
63,-0.6,0.598236083984375
83,-0.8,0.598236083984375
108,0.6,0.598236083984375
74,-0.8,0.598236083984375
62,0.6,0.598236083984375
58,0.8,0.598236083984375
3274,0.2,0.598236083984375
5916,-0.7,0.598236083984375
1940,-0.7,0.598236083984375
1066,0.8,0.598236083984375
2157,-1.0,0.598236083984375
990,0.7,0.598236083984375
83,0.0,0.598236083984375
115,-0.8,0.598236083984375
2202,-0.8,0.598236083984375
51,0.8,0.598236083984375
224,0.4,0.598236083984375
85,-0.6,0.598236083984375
375,-0.7,0.598236083984375
360,0.2,0.598236083984375
168,-0.7,0.598236083984375
57,0.2,0.598236083984375
1146,0.7,0.598236083984375
192,0.6,0.598236083984375
577,0.6,0.598236083984375
62,0.0,-12.082458496093807
75,-1.0,-12.082458496093807
112,-0.7,-12.082458496093807
342,-0.8,-12.082458496093807
78,-0.8,-12.082458496093807
227,-0.7,-12.082458496093807
66,-0.8,-12.082458496093807
110,0.0,-12.082458496093807
243,0.6,-12.082458496093807
75,-0.6,-12.082458496093807
54,0.0,-12.082458496093807
173,0.6,-12.082458496093807
356,0.1,-12.082458496093807
217,-0.8,-12.082458496093807
73,0.0,-12.082458496093807
66,0.8,-12.082458496093807
51,0.6,-12.082458496093807
101,0.6,-12.082458496093807
72,0.7,-12.082458496093807
643,0.75,-12.082458496093807
253,0.0,-12.082458496093807
214,0.8,-12.082458496093807
70,-0.7,-12.082458496093807
195,0.6,-12.082458496093807
92,-0.8,-12.082458496093807
72,-0.8,-12.082458496093807
133,0.8,0.8075256347656818
329,-0.7,0.8075256347656818
114,0.6,0.8075256347656818
128,0.7,0.8075256347656818
61,0.6,0.8075256347656818
57,0.7,0.8075256347656818
123,-0.6,0.8075256347656818
80,-0.75,0.8075256347656818
62,0.6,0.8075256347656818
143,-0.7,0.8075256347656818
74,0.2,0.8075256347656818
456,0.1,0.8075256347656818
161,-0.7,0.8075256347656818
1033,0.2,0.8075256347656818
164,0.6,0.8075256347656818
72,0.6,0.8075256347656818
50,-0.8,0.8075256347656818
220,0.8,0.8075256347656818
111,0.8,0.8075256347656818
72,-0.8,0.8075256347656818
84,0.6,0.8075256347656818
689,0.8,0.8075256347656818
181,0.2,0.8075256347656818
75,0.6,0.8075256347656818
603,-0.7,0.8075256347656818
75,-0.7,0.8075256347656818
87,0.2,0.7974853515625
142,-0.7,0.7974853515625
57,0.8,0.7974853515625
209,-0.7,4.426239013671875
50,-0.3,4.426239013671875
273,-0.7,4.426239013671875
52,0.6,4.426239013671875
124,0.2,4.426239013671875
363,-0.7,4.426239013671875
786,0.2,4.426239013671875
120,-0.6,4.426239013671875
116,0.2,4.426239013671875
50,0.2,4.426239013671875
257,-0.7,4.426239013671875
462,0.2,4.426239013671875
69,0.6,4.426239013671875
154,0.7,4.426239013671875
118,0.2,4.426239013671875
55,0.3,4.426239013671875
65,0.2,4.426239013671875
51,0.6,4.426239013671875
52,0.8,4.426239013671875
444,0.8,4.426239013671875
125,0.75,4.426239013671875
1878,0.2,4.426239013671875
130,-0.8,4.426239013671875
820,0.0,4.426239013671875
79,0.5,4.426239013671875
75,0.7,4.426239013671875
121,-0.8,4.426239013671875
71,0.6,4.426239013671875
652,0.8,4.426239013671875
1130,-0.8,4.426239013671875
159,0.2,4.426239013671875
838,-0.8,4.426239013671875
125,-0.8,4.426239013671875
339,-0.8,4.426239013671875
77,0.2,4.426239013671875
1275,-1.0,4.426239013671875
135,0.1,4.426239013671875
160,0.75,4.426239013671875
250,-1.0,-1.445556640625
975,0.2,-1.445556640625
93,0.2,-1.445556640625
206,0.8,-1.445556640625
185,-0.7,4.655517578125
223,0.8,4.655517578125
107,0.2,4.655517578125
464,-0.7,4.655517578125
51,0.2,4.655517578125
2058,-0.8,4.655517578125
426,0.85,4.655517578125
342,-0.6,4.655517578125
119,0.5,4.655517578125
705,-0.7,4.655517578125
2954,0.2,4.655517578125
135,-0.8,4.655517578125
1605,-0.4,4.655517578125
501,0.0,4.655517578125
65,0.6,4.655517578125
72,0.2,4.655517578125
53,0.3,4.655517578125
150,0.2,4.01751708984375
270,0.7,4.01751708984375
50,-0.7,4.01751708984375
146,-0.8,4.01751708984375
95,-0.8,4.01751708984375
51,-0.8,4.01751708984375
186,-0.7,4.01751708984375
90,-0.7,4.01751708984375
64,0.7,4.01751708984375
166,0.0,4.01751708984375
114,-0.8,4.01751708984375
418,0.0,4.01751708984375
452,0.8,4.01751708984375
169,1.0,4.01751708984375
181,-0.6,4.01751708984375
466,0.8,4.01751708984375
86,0.8,4.01751708984375
82,0.9,4.01751708984375
118,0.75,4.01751708984375
72,0.6,4.01751708984375
50,0.6,4.01751708984375
115,0.8,4.01751708984375
54,0.6,4.01751708984375
53,0.8,4.01751708984375
183,0.2,4.01751708984375
118,0.3,4.01751708984375
249,0.1,4.01751708984375
96,-0.8,4.01751708984375
62,0.2,4.01751708984375
59,0.8,4.01751708984375
220,-0.8,4.01751708984375
960,-0.7,4.01751708984375
239,0.6,4.01751708984375
675,0.6,4.01751708984375
228,-0.9,4.01751708984375
625,0.6,4.01751708984375
138,0.8,7.6163330078125
53,0.8,4.47607421875
131,-0.7,4.47607421875
51,0.2,4.47607421875
73,-0.6,4.47607421875
81,-0.75,4.47607421875
209,-0.8,4.47607421875
92,0.1,4.47607421875
189,-0.7,4.47607421875
110,-0.7,4.47607421875
82,0.6,4.47607421875
113,0.6,4.47607421875
66,-0.9,4.47607421875
167,0.8,4.47607421875
565,-1.0,4.47607421875
97,0.8,4.47607421875
219,0.8,4.47607421875
62,0.6,4.47607421875
109,-0.4,4.47607421875
227,-0.7,4.47607421875
255,0.8,4.47607421875
657,0.8,4.47607421875
653,0.8,4.47607421875
88,0.2,4.47607421875
87,0.2,4.47607421875
70,-0.8,4.47607421875
68,-0.7,4.47607421875
100,-0.6,4.47607421875
51,0.6,4.47607421875
115,0.0,4.47607421875
88,0.6,4.47607421875
64,0.8,4.47607421875
53,0.9,4.47607421875
55,0.6,4.47607421875
334,-0.8,4.47607421875
78,0.8,4.47607421875
463,-0.7,4.47607421875
67,0.6,4.47607421875
102,-0.7,4.47607421875
716,-0.8,4.47607421875
52,-0.8,4.47607421875
58,0.8,4.47607421875
394,0.8,5.03753662109375
115,0.6,-0.3594970703125
63,-0.7,-0.3594970703125
150,0.3,-0.3594970703125
364,0.8,-0.3594970703125
70,0.8,-0.3594970703125
62,1.0,-7.029541015625
167,0.8,-7.029541015625
59,-0.7,-7.029541015625
56,0.6,-7.029541015625
440,1.0,-7.029541015625
175,0.6,-7.029541015625
54,0.6,-7.029541015625
123,0.7,-7.029541015625
99,0.8,-7.029541015625
1010,0.8,-7.029541015625
152,0.8,-7.029541015625
68,-0.7,-7.029541015625
96,-0.8,-7.029541015625
53,-0.7,-7.029541015625
81,-0.6,-7.029541015625
78,0.2,-7.029541015625
414,0.0,-7.029541015625
162,-0.7,-7.029541015625
228,0.6,-7.029541015625
263,-0.6,-7.029541015625
517,0.8,-7.029541015625
97,-0.7,-7.029541015625
64,0.6,-7.029541015625
68,-0.8,-7.029541015625
77,-0.6,-7.029541015625
142,0.7,-7.029541015625
68,-0.7,-0.99853515625
234,0.6,-0.99853515625
205,-0.3,8.337554931640625
59,-0.7,8.337554931640625
86,0.3,8.337554931640625
82,-0.7,8.337554931640625
86,-0.8,8.337554931640625
75,0.6,8.337554931640625
337,0.8,8.337554931640625
71,1.0,8.337554931640625
55,-0.8,8.337554931640625
99,0.8,8.337554931640625
227,0.9,8.337554931640625
273,-0.6,8.337554931640625
99,0.6,8.337554931640625
597,0.75,8.337554931640625
332,0.8,8.337554931640625
116,0.8,8.337554931640625
60,0.8,8.337554931640625
100,-0.8,8.337554931640625
50,0.3,8.337554931640625
119,-0.8,8.337554931640625
338,-0.8,8.337554931640625
337,-0.8,8.337554931640625
106,0.6,8.337554931640625
109,0.6,8.337554931640625
72,-0.6,8.337554931640625
75,-0.6,8.337554931640625
92,-0.8,8.337554931640625
88,-0.7,8.337554931640625
53,-0.8,8.337554931640625
312,-0.6,8.337554931640625
81,0.3,8.337554931640625
50,0.2,8.337554931640625
107,0.8,8.337554931640625
104,0.8,8.337554931640625
290,0.1,8.337554931640625
57,-0.7,8.337554931640625
61,-0.8,8.337554931640625
59,-0.8,8.337554931640625
84,-0.8,8.337554931640625
83,-0.7,8.337554931640625
63,0.7,-8.067962646484375
57,0.8,-8.067962646484375
121,0.6,-8.067962646484375
58,-0.8,-8.067962646484375
257,0.8,-8.067962646484375
94,0.2,-8.067962646484375
131,0.0,-8.067962646484375
54,0.75,-8.067962646484375
103,0.3,-8.067962646484375
162,0.0,-8.067962646484375
78,0.0,-8.067962646484375
83,0.0,-8.067962646484375
166,0.3,-8.067962646484375
72,0.2,-8.067962646484375
105,0.0,-8.067962646484375
383,0.8,-8.067962646484375
78,0.6,-8.067962646484375
128,0.0,-8.067962646484375
600,-0.7,-8.067962646484375
116,-0.8,-8.067962646484375
94,-0.8,-8.067962646484375
127,0.2,-8.067962646484375
140,0.2,-8.067962646484375
94,0.8,-8.067962646484375
388,0.8,-8.067962646484375
534,0.2,-8.067962646484375
269,-1.0,-8.067962646484375
76,0.0,-8.067962646484375
69,0.5,-8.067962646484375
815,0.8,-8.067962646484375
85,0.3,-8.067962646484375
434,-0.8,-8.067962646484375
931,0.5,-8.067962646484375
573,0.8,-8.067962646484375
139,-0.7,-8.067962646484375
80,-0.8,-8.067962646484375
159,0.8,-8.067962646484375
357,0.6,-8.067962646484375
60,-0.6,-8.067962646484375
292,0.6,-8.067962646484375
295,0.0,-8.067962646484375
115,-0.8,-8.067962646484375
147,-0.8,-8.067962646484375
147,0.6,8.64703369140625
244,0.25,8.64703369140625
80,0.6,8.64703369140625
281,-0.6,8.64703369140625
61,-0.8,8.64703369140625
511,-0.7,8.64703369140625
76,0.7,8.64703369140625
180,0.3,8.64703369140625
62,0.6,8.64703369140625
86,-0.6,8.64703369140625
365,0.6,8.64703369140625
2705,0.8,8.64703369140625
271,0.3,8.64703369140625
4201,0.8,8.64703369140625
826,-0.7,8.64703369140625
136,0.8,8.64703369140625
87,0.3,8.64703369140625
657,-0.8,8.64703369140625
183,0.8,8.64703369140625
103,0.6,8.64703369140625
486,-0.7,8.64703369140625
1427,0.0,8.64703369140625
942,1.0,8.64703369140625
485,0.2,8.64703369140625
87,0.8,8.64703369140625
60,-0.6,8.64703369140625
75,-0.6,8.64703369140625
437,0.3,8.64703369140625
86,0.2,1.1282958984375
65,0.6,1.1282958984375
137,0.8,1.1282958984375
138,0.8,1.1282958984375
56,-0.7,1.1282958984375
84,0.6,1.1282958984375
57,-0.6,1.1282958984375
1320,0.1,-3.0054931640625
348,0.6,-3.0054931640625
556,-0.7,-3.0054931640625
257,0.2,-3.0054931640625
3125,-0.8,-3.0054931640625
787,-0.6,-3.0054931640625
107,0.6,-3.0054931640625
526,0.2,-3.0054931640625
52,-0.8,-3.0054931640625
386,0.8,-3.0054931640625
385,0.8,-3.0054931640625
170,0.2,-3.0054931640625
165,0.2,-3.0054931640625
293,0.8,-3.0054931640625
295,0.8,-3.0054931640625
127,-0.4,-3.0054931640625
126,-0.5,-3.0054931640625
60,0.8,-3.0054931640625
58,0.8,-3.0054931640625
86,0.7,-3.0054931640625
184,0.6,-3.0054931640625
224,0.8,-3.0054931640625
871,-0.7,-3.0054931640625
77,0.75,-3.0054931640625
902,0.8,-3.0054931640625
139,-0.9,-3.0054931640625
233,-0.8,-3.0054931640625
134,-0.8,-3.0054931640625
287,-0.9,-3.0054931640625
607,0.7,-3.0054931640625
2059,-0.5,-3.0054931640625
260,0.6,-3.0054931640625
1027,0.8,-3.0054931640625
155,0.8,-3.0054931640625
151,1.0,-3.0054931640625
596,0.8,-3.0054931640625
85,-0.6,-3.0054931640625
510,0.6,-3.0054931640625
76,0.6,-3.0054931640625
55,-0.7,-3.0054931640625
150,0.8,-3.0054931640625
115,-0.8,-3.0054931640625
141,0.6,-3.0054931640625
221,0.8,-3.0054931640625
186,0.8,-3.0054931640625
72,0.75,-3.0054931640625
63,0.5,-3.0054931640625
83,0.8,-3.0054931640625
55,0.2,-0.75885009765625
120,0.2,-0.75885009765625
348,-0.8,-0.75885009765625
141,-0.4,-0.75885009765625
66,-0.6,-0.75885009765625
137,0.3,-0.75885009765625
63,-0.7,-0.75885009765625
111,-0.6,-0.75885009765625
291,0.9,-0.75885009765625
139,-0.8,-0.75885009765625
222,0.1,-0.75885009765625
98,0.6,-0.75885009765625
60,-0.8,-0.75885009765625
83,-1.0,-0.75885009765625
123,0.2,-0.75885009765625
172,0.6,-0.75885009765625
457,0.8,-0.75885009765625
218,0.8,-0.75885009765625
53,0.6,-0.75885009765625
56,-0.7,-0.75885009765625
98,-0.8,-0.75885009765625
89,0.0,-0.75885009765625
64,0.8,-0.75885009765625
365,0.2,-0.75885009765625
944,-0.6,-0.75885009765625
2849,-0.8,-0.75885009765625
707,0.2,-0.75885009765625
115,0.8,-0.75885009765625
744,0.8,-0.75885009765625
594,-0.8,-0.75885009765625
57,0.75,-0.75885009765625
90,0.8,-0.75885009765625
137,0.6,-0.75885009765625
82,0.2,-0.75885009765625
682,0.0,-0.75885009765625
56,-0.6,-0.75885009765625
62,0.0,-0.75885009765625
121,0.2,-0.75885009765625
118,-0.7,-0.75885009765625
557,-0.8,-0.75885009765625
53,-0.8,-0.75885009765625
82,0.8,-0.75885009765625
676,0.0,-0.75885009765625
131,-0.7,-0.75885009765625
62,0.3,-0.75885009765625
107,-0.8,-0.75885009765625
73,0.0,-4.17376708984375
52,0.6,2.74591064453125
87,0.3,2.74591064453125
819,-0.6,-6.6700439453125
94,-0.7,-6.6700439453125
80,-0.6,-6.6700439453125
77,0.8,-6.6700439453125
120,-1.0,-6.6700439453125
274,-1.0,-6.6700439453125
73,-0.8,-6.6700439453125
52,0.0,-6.6700439453125
58,-0.6,-6.6700439453125
241,-0.8,-6.6700439453125
891,0.6,-6.6700439453125
237,-0.8,-6.6700439453125
57,-0.7,-6.6700439453125
51,0.3,-6.6700439453125
260,-0.8,-6.6700439453125
230,0.2,-6.6700439453125
2230,-0.8,-6.6700439453125
970,-0.8,-6.6700439453125
205,-0.8,-6.6700439453125
424,0.0,-6.6700439453125
368,-0.8,-6.6700439453125
74,0.2,-6.6700439453125
104,-0.8,-6.6700439453125
108,-0.6,-6.6700439453125
121,-0.8,-6.6700439453125
51,0.0,-6.6700439453125
186,0.2,-6.6700439453125
153,0.6,-6.6700439453125
398,0.6,-6.6700439453125
441,-0.6,-6.6700439453125
59,0.6,-6.6700439453125
229,0.8,-6.6700439453125
88,0.8,-6.6700439453125
50,0.75,-6.6700439453125
97,0.0,-6.6700439453125
192,-0.8,-6.6700439453125
83,0.75,-6.6700439453125
72,0.6,-6.6700439453125
187,0.6,-6.6700439453125
404,-0.8,-6.6700439453125
67,0.0,-6.6700439453125
139,-0.8,-6.6700439453125
259,0.3,-6.6700439453125
236,0.8,-6.6700439453125
263,0.0,-6.6700439453125
845,-0.7,-6.6700439453125
165,0.0,-6.6700439453125
718,0.6,-6.6700439453125
96,-1.0,-6.6700439453125
268,0.2,-6.6700439453125
164,-0.8,-6.6700439453125
109,-0.5,-6.6700439453125
87,-0.8,-6.6700439453125
54,0.2,-6.6700439453125
82,0.2,-6.6700439453125
100,0.6,-6.6700439453125
61,1.0,-6.6700439453125
270,-0.6,-6.6700439453125
146,-0.7,-6.6700439453125
66,0.2,-6.6700439453125
50,0.0,-6.6700439453125
133,-0.7,2.24664306640625
64,-0.8,2.24664306640625
59,-0.8,2.24664306640625
73,-0.9,2.24664306640625
74,0.2,2.24664306640625
75,0.2,2.24664306640625
69,-0.7,2.24664306640625
66,-0.5,2.24664306640625
72,0.8,2.24664306640625
738,0.6,2.24664306640625
209,0.2,2.24664306640625
242,0.8,2.24664306640625
64,0.6,2.24664306640625
264,-0.8,2.24664306640625
89,0.2,2.24664306640625
787,-0.4,2.24664306640625
130,-0.8,2.24664306640625
499,0.0,2.24664306640625
106,0.2,2.24664306640625
684,-0.8,2.24664306640625
1062,0.0,2.24664306640625
142,0.0,2.24664306640625
317,0.0,2.24664306640625
71,-0.8,2.24664306640625
92,0.3,2.24664306640625
326,0.6,2.24664306640625
1451,0.2,2.24664306640625
109,-0.8,2.24664306640625
53,-0.7,2.24664306640625
312,-0.8,2.24664306640625
203,-0.8,2.24664306640625
145,-0.6,2.24664306640625
57,0.2,2.24664306640625
153,0.0,2.24664306640625
481,-0.8,2.24664306640625
178,0.2,2.24664306640625
58,-0.7,2.24664306640625
57,-0.8,2.24664306640625
61,-0.8,2.24664306640625
381,-0.8,2.24664306640625
445,0.8,2.24664306640625
76,-0.8,2.24664306640625
51,-1.0,2.24664306640625
68,0.2,2.24664306640625
81,-0.8,2.24664306640625
504,0.1,2.24664306640625
130,0.6,2.24664306640625
65,0.6,2.24664306640625
74,0.6,2.24664306640625
235,0.6,2.24664306640625
406,0.6,2.24664306640625
65,-0.7,2.24664306640625
167,0.6,2.24664306640625
127,0.7,2.24664306640625
397,0.6,2.24664306640625
103,-0.8,2.24664306640625
52,0.2,2.24664306640625
255,0.3,2.24664306640625
185,-0.8,-11.13336181640625
183,-0.8,-11.13336181640625
67,0.2,-11.13336181640625
212,0.2,-11.13336181640625
154,0.2,-11.13336181640625
136,0.6,-11.13336181640625
497,0.8,-11.13336181640625
97,0.7,-11.13336181640625
91,-0.6,-11.13336181640625
140,0.6,-11.13336181640625
346,0.6,-11.13336181640625
183,0.6,-11.13336181640625
58,0.2,-11.13336181640625
314,0.8,-11.13336181640625
80,0.7,-11.13336181640625
179,0.8,-11.13336181640625
929,0.6,-11.13336181640625
94,-0.7,-11.13336181640625
431,-0.3,-11.13336181640625
196,0.8,-11.13336181640625
127,-0.7,-11.13336181640625
154,0.6,-11.13336181640625
309,0.6,-11.13336181640625
149,-0.8,-11.13336181640625
99,0.9,-11.13336181640625
57,0.6,-11.13336181640625
250,0.7,-11.13336181640625
67,-0.8,-11.13336181640625
74,0.75,-11.13336181640625
66,0.6,-11.13336181640625
57,0.2,-11.13336181640625
84,0.7,-11.13336181640625
254,0.8,-11.13336181640625
255,-0.8,-11.13336181640625
182,0.6,-11.13336181640625
73,-0.6,-11.13336181640625
332,0.3,-11.13336181640625
141,0.2,-11.13336181640625
68,0.8,-11.13336181640625
206,0.2,-11.13336181640625
108,0.6,-11.13336181640625
364,0.8,-11.13336181640625
127,0.6,-11.13336181640625
114,0.6,-11.13336181640625
98,0.3,-11.13336181640625
58,0.6,-11.13336181640625
51,0.2,-11.13336181640625
125,-0.6,-11.13336181640625
93,0.8,-14.268768310546875
171,0.6,-14.268768310546875
61,-0.7,-14.268768310546875
59,0.7,-14.268768310546875
125,0.2,7.888275146484375
77,0.2,7.888275146484375
67,0.6,7.888275146484375
827,0.6,7.888275146484375
585,0.0,7.888275146484375
165,-0.7,7.888275146484375
91,0.2,7.888275146484375
66,0.8,7.888275146484375
334,0.7,7.888275146484375
90,0.6,7.888275146484375
126,-0.6,7.888275146484375
50,0.8,7.888275146484375
91,0.3,7.888275146484375
517,1.0,7.888275146484375
70,-0.7,7.888275146484375
314,0.2,7.888275146484375
52,0.2,7.888275146484375
50,-0.8,7.888275146484375
52,-0.8,7.888275146484375
163,0.0,7.888275146484375
160,0.1,7.888275146484375
81,-0.7,7.888275146484375
109,0.7,7.888275146484375
1107,0.0,7.888275146484375
158,0.8,7.888275146484375
67,0.8,7.888275146484375
475,-0.7,7.888275146484375
440,0.1,7.888275146484375
60,0.6,7.888275146484375
133,0.8,7.888275146484375
255,0.8,7.888275146484375
165,0.6,7.888275146484375
122,-0.8,7.888275146484375
763,-0.7,7.888275146484375
805,0.8,7.888275146484375
493,0.0,7.888275146484375
53,0.2,7.888275146484375
208,0.2,7.888275146484375
53,0.85,7.888275146484375
129,0.3,7.888275146484375
89,-0.7,7.888275146484375
124,-0.8,7.888275146484375
71,0.8,7.888275146484375
175,-0.8,7.888275146484375
102,-0.8,7.888275146484375
72,-0.5,7.888275146484375
179,-0.7,7.888275146484375
107,0.6,7.888275146484375
133,0.6,7.888275146484375
2095,-0.8,7.888275146484375
158,0.2,7.888275146484375
275,0.0,7.888275146484375
162,-0.8,7.888275146484375
442,0.2,7.888275146484375
122,0.8,7.888275146484375
351,0.8,7.888275146484375
72,-0.7,7.888275146484375
101,-0.5,7.888275146484375
61,-0.8,-11.103485107421875
61,0.6,-13.7894287109375
52,-0.8,-13.7894287109375
166,0.2,3.58465576171875
440,0.3,3.58465576171875
253,-0.75,3.58465576171875
157,0.2,3.58465576171875
91,-0.8,3.58465576171875
71,0.6,3.58465576171875
78,-0.7,3.58465576171875
211,-0.8,3.58465576171875
1290,-0.7,3.58465576171875
78,0.6,3.58465576171875
988,0.0,3.58465576171875
182,-0.8,3.58465576171875
270,-0.85,3.58465576171875
125,-0.7,3.58465576171875
52,0.2,3.58465576171875
371,0.6,3.58465576171875
205,-0.85,3.58465576171875
102,-0.8,3.58465576171875
233,0.0,3.58465576171875
844,0.7,3.58465576171875
57,-0.8,3.58465576171875
315,-0.8,3.58465576171875
50,-0.8,3.58465576171875
136,0.2,3.58465576171875
535,0.6,3.58465576171875
57,0.0,3.58465576171875
66,-0.8,3.58465576171875
84,0.6,3.58465576171875
222,-0.8,3.58465576171875
136,0.8,3.58465576171875
56,-0.8,3.58465576171875
90,0.3,3.58465576171875
117,0.2,3.58465576171875
86,0.0,3.58465576171875
64,-0.5,3.58465576171875
136,0.7,3.58465576171875
78,-0.9,3.58465576171875
54,-0.8,3.58465576171875
101,0.8,3.58465576171875
357,0.8,3.58465576171875
460,-0.8,3.58465576171875
97,0.8,3.58465576171875
62,-0.8,3.58465576171875
122,0.8,3.58465576171875
88,-0.5,3.58465576171875
76,0.2,3.58465576171875
113,-1.0,3.58465576171875
105,0.6,3.58465576171875
9857,-0.8,3.58465576171875
1756,-0.8,3.58465576171875
2506,-0.8,3.58465576171875
3263,-0.8,3.58465576171875
1326,-0.8,3.58465576171875
63,-0.8,3.58465576171875
3033,0.7,3.58465576171875
120,-0.8,3.58465576171875
628,-0.8,3.58465576171875
649,0.1,3.58465576171875
110,0.8,3.58465576171875
62,0.6,3.58465576171875
3038,-0.8,3.58465576171875
411,0.6,3.58465576171875
89,0.8,3.58465576171875
179,-0.7,3.58465576171875
1183,0.0,3.58465576171875
887,-0.7,3.58465576171875
127,-0.7,3.58465576171875
153,0.6,3.58465576171875
88,-0.6,-19.0316162109375
133,0.6,-8.5672607421875
529,0.0,-8.5672607421875
86,-0.7,-8.5672607421875
101,0.2,-8.5672607421875
330,0.6,-8.5672607421875
339,-0.7,-8.5672607421875
192,0.8,-8.5672607421875
533,0.0,-8.5672607421875
250,0.7,11.30316162109375
573,0.2,11.30316162109375
53,-0.7,11.30316162109375
130,0.2,11.30316162109375
64,0.1,11.30316162109375
66,-0.7,11.30316162109375
326,0.2,11.30316162109375
430,-0.8,11.30316162109375
84,0.2,11.30316162109375
170,0.6,11.30316162109375
64,0.0,11.30316162109375
52,-0.75,11.30316162109375
62,0.2,11.30316162109375
101,-0.8,11.30316162109375
180,-0.8,11.30316162109375
280,-0.7,11.30316162109375
204,-0.6,11.30316162109375
81,0.2,11.30316162109375
635,-0.7,11.30316162109375
50,0.2,11.30316162109375
193,-0.7,11.30316162109375
1259,0.0,11.30316162109375
93,0.2,11.30316162109375
179,-0.8,11.30316162109375
1172,-0.8,11.30316162109375
656,0.3,11.30316162109375
91,0.2,11.30316162109375
201,-0.8,11.30316162109375
192,-0.7,11.30316162109375
149,-0.6,11.30316162109375
66,0.5,11.30316162109375
66,0.6,11.30316162109375
118,-0.8,11.30316162109375
427,0.2,11.30316162109375
430,0.2,11.30316162109375
194,0.2,11.30316162109375
75,0.8,11.30316162109375
74,0.8,11.30316162109375
272,0.8,11.30316162109375
100,0.8,11.30316162109375
199,0.75,11.30316162109375
55,-0.7,11.30316162109375
57,-0.7,11.30316162109375
213,-1.0,11.30316162109375
115,0.6,11.30316162109375
56,0.8,11.30316162109375
61,-0.8,11.30316162109375
65,0.8,11.30316162109375
54,0.2,11.30316162109375
244,0.7,11.30316162109375
228,0.6,11.30316162109375
238,0.2,11.30316162109375
593,0.0,11.30316162109375
99,0.6,11.30316162109375
76,-0.7,11.30316162109375
91,0.0,11.30316162109375
591,0.8,11.30316162109375
1931,0.3,11.30316162109375
418,0.2,11.30316162109375
692,0.3,11.30316162109375
78,-0.6,11.30316162109375
106,-0.7,11.30316162109375
86,0.6,11.30316162109375
61,0.0,11.30316162109375
88,0.7,11.30316162109375
100,0.7,11.30316162109375
882,0.6,11.30316162109375
78,0.7,11.30316162109375
379,-0.8,11.30316162109375
69,0.6,11.30316162109375
65,0.5,11.30316162109375
209,0.7,11.30316162109375
1106,-0.7,11.30316162109375
202,-0.8,11.30316162109375
290,-0.9,11.30316162109375
283,-0.9,11.30316162109375
118,-0.7,11.30316162109375
114,-0.7,11.30316162109375
144,-0.8,11.30316162109375
225,0.2,11.30316162109375
59,-0.8,11.30316162109375
131,0.8,11.30316162109375
77,0.2,-1.627593994140625
59,-0.6,-1.627593994140625
70,0.2,1.57763671875
176,-0.9,1.57763671875
85,0.2,1.57763671875
1382,0.8,1.57763671875
3121,-0.8,1.57763671875
295,0.8,1.57763671875
161,0.8,1.57763671875
695,0.2,1.57763671875
76,0.3,1.57763671875
110,0.0,1.57763671875
798,-0.7,1.57763671875
51,0.0,1.57763671875
58,0.2,1.57763671875
178,-0.6,1.57763671875
559,-0.8,1.57763671875
137,-0.8,1.57763671875
73,0.6,1.57763671875
58,-0.8,1.57763671875
2911,-0.7,1.57763671875
419,-0.6,1.57763671875
788,0.2,1.57763671875
716,-0.8,1.57763671875
62,-0.8,1.57763671875
108,-0.8,1.57763671875
77,0.8,1.57763671875
282,-0.9,1.57763671875
194,0.1,1.57763671875
304,-0.8,1.57763671875
76,0.7,1.57763671875
128,0.8,1.57763671875
98,-0.85,1.57763671875
143,-0.8,1.57763671875
528,-0.8,1.57763671875
182,0.2,1.57763671875
864,-0.8,1.57763671875
50,1.0,1.57763671875
159,0.1,1.57763671875
66,0.7,1.57763671875
63,0.2,1.57763671875
424,0.6,1.57763671875
215,-0.8,1.57763671875
57,0.2,1.57763671875
141,0.1,1.57763671875
68,0.6,1.57763671875
102,-0.7,1.57763671875
172,-0.8,1.57763671875
428,0.6,1.57763671875
202,-0.7,1.57763671875
54,0.7,1.57763671875
268,-0.7,1.57763671875
70,-0.8,1.57763671875
156,-0.7,1.57763671875
113,0.8,1.57763671875
57,0.0,1.57763671875
244,-0.8,1.57763671875
200,-0.8,1.57763671875
1471,-0.6,1.57763671875
62,0.7,1.57763671875
168,-0.8,1.57763671875
56,0.85,1.57763671875
50,-0.8,1.57763671875
71,-0.8,1.57763671875
2122,-0.6,1.57763671875
155,0.6,1.57763671875
451,-0.8,1.57763671875
2967,-0.6,1.57763671875
50,0.6,1.57763671875
333,-0.7,1.57763671875
97,0.8,1.57763671875
148,0.85,1.57763671875
145,0.8,1.57763671875
451,0.7,1.57763671875
96,-0.7,1.57763671875
323,-0.9,1.57763671875
1391,-0.8,1.57763671875
75,-0.6,1.57763671875
259,0.8,1.57763671875
259,0.75,1.57763671875
678,-0.7,1.57763671875
679,-0.6,1.57763671875
1895,-0.8,1.57763671875
119,-0.8,1.57763671875
120,-0.8,1.57763671875
74,0.7,1.57763671875
150,-0.6,1.57763671875
60,0.5,1.57763671875
726,0.1,1.57763671875
452,-0.8,1.57763671875
665,-0.8,1.57763671875
52,-0.7,1.57763671875
155,0.85,1.57763671875
50,0.2,-2.760009765625
1368,0.6,-2.760009765625
126,-0.85,-2.760009765625
144,0.0,-2.760009765625
148,0.8,-2.760009765625
218,0.7,-2.760009765625
148,-0.7,-2.760009765625
149,0.6,-2.760009765625
180,-0.7,-2.760009765625
581,-0.8,-2.760009765625
145,-0.8,-12.679992675781193
85,-0.8,-12.679992675781193
126,-0.6,-12.679992675781193
102,-0.8,-12.679992675781193
121,-0.6,-12.679992675781193
211,0.2,-12.679992675781193
248,-0.8,-12.679992675781193
137,-0.8,-12.679992675781193
482,-0.6,-12.679992675781193
59,-0.5,-12.679992675781193
86,-0.8,-12.679992675781193
975,-0.7,-12.679992675781193
223,-0.7,-12.679992675781193
80,-0.9,-12.679992675781193
101,-0.8,-12.679992675781193
196,-0.8,-12.679992675781193
185,-0.7,-12.679992675781193
61,0.6,-12.679992675781193
69,-0.7,-12.679992675781193
127,0.8,-12.679992675781193
59,-0.8,-12.679992675781193
289,0.8,-12.679992675781193
75,0.0,-12.679992675781193
104,0.8,-12.679992675781193
65,-0.8,-12.679992675781193
56,0.6,-12.679992675781193
94,0.85,-12.679992675781193
55,-0.7,-12.679992675781193
57,-0.7,-12.679992675781193
50,0.8,-12.679992675781193
1049,0.7,-12.679992675781193
1148,0.8,-12.679992675781193
4824,-1.0,-12.679992675781193
484,0.6,-12.679992675781193
472,-0.7,-12.679992675781193
5477,0.2,-12.679992675781193
2820,0.2,-12.679992675781193
169,-0.7,-12.679992675781193
550,-0.8,-12.679992675781193
225,0.8,-12.679992675781193
288,-0.6,-12.679992675781193
96,0.2,-12.679992675781193
113,0.2,-12.679992675781193
110,-0.8,-12.679992675781193
54,0.6,-12.679992675781193
160,0.1,-12.679992675781193
192,0.3,-12.679992675781193
85,-0.3,-12.679992675781193
574,0.2,-12.679992675781193
142,0.6,-12.679992675781193
731,0.6,-12.679992675781193
1325,-0.7,-12.679992675781193
281,0.6,-12.679992675781193
548,-0.5,-12.679992675781193
710,-1.0,-12.679992675781193
240,-0.7,-12.679992675781193
74,0.6,-12.679992675781193
117,-0.8,-12.679992675781193
960,-0.7,-12.679992675781193
194,0.8,-12.679992675781193
186,0.3,-12.679992675781193
95,0.2,-12.679992675781193
64,-0.7,-12.679992675781193
98,-0.9,-12.679992675781193
113,0.8,-12.679992675781193
139,-0.8,-12.679992675781193
274,-0.8,-12.679992675781193
78,-0.8,-12.679992675781193
382,0.2,-12.679992675781193
127,0.1,-12.679992675781193
223,-0.8,-12.679992675781193
229,-0.8,-12.679992675781193
53,0.0,-12.679992675781193
1942,-0.8,-12.679992675781193
1937,-1.0,-12.679992675781193
448,0.2,-12.679992675781193
441,0.2,-12.679992675781193
204,-0.7,-12.679992675781193
154,-1.0,-12.679992675781193
153,-1.0,-12.679992675781193
264,-0.6,-12.679992675781193
266,-0.6,-12.679992675781193
103,0.7,-12.679992675781193
98,0.7,-12.679992675781193
121,-0.8,-12.679992675781193
126,-0.8,-12.679992675781193
69,-0.8,-12.679992675781193
109,-0.9,-0.019989013671931843
174,0.5,-25.489990234375
201,-0.7,-25.489990234375
77,0.2,-25.489990234375
230,-0.7,-27.989990234375
132,-0.8,-27.989990234375
82,0.8,-27.989990234375
85,0.0,-27.989990234375
78,0.9,-27.989990234375
143,0.6,-27.989990234375
343,0.8,-27.989990234375
266,-0.7,-27.989990234375
480,0.0,-27.989990234375
89,0.2,-27.989990234375
66,-0.8,-27.989990234375
399,0.6,-27.989990234375
187,0.0,-27.989990234375
96,-0.7,-27.989990234375
512,-0.7,-27.989990234375
87,-0.7,-27.989990234375
75,-0.8,-27.989990234375
51,-0.8,-27.989990234375
692,0.6,-27.989990234375
65,0.0,-27.989990234375
148,-0.8,-27.989990234375
91,-0.7,-27.989990234375
112,0.8,-27.989990234375
626,-0.7,-27.989990234375
416,-0.7,-27.989990234375
2473,0.2,-27.989990234375
211,0.2,-27.989990234375
163,0.2,-27.989990234375
1793,-0.6,-27.989990234375
144,0.1,-27.989990234375
778,-0.6,-27.989990234375
97,-0.7,-27.989990234375
87,0.8,-27.989990234375
1619,-0.8,-27.989990234375
102,-0.6,-27.989990234375
338,0.0,-27.989990234375
262,0.2,-27.989990234375
94,0.0,-27.989990234375
193,-1.0,-27.989990234375
250,0.2,-27.989990234375
135,0.2,-27.989990234375
85,0.2,-27.989990234375
361,-0.6,-27.989990234375
122,0.2,-27.989990234375
166,0.2,-27.989990234375
244,-0.8,-27.989990234375
137,-0.7,-27.989990234375
196,0.2,-27.989990234375
158,-0.6,-27.989990234375
112,-0.7,-27.989990234375
53,0.0,-27.989990234375
62,0.7,-27.989990234375
54,-0.7,-27.989990234375
72,0.2,-27.989990234375
54,-0.4,-27.989990234375
256,-0.8,-27.989990234375
243,0.2,-27.989990234375
179,-0.8,-27.989990234375
252,-0.8,-27.989990234375
490,-0.6,-27.989990234375
54,-0.85,-27.989990234375
295,0.2,-27.989990234375
4769,-0.7,-27.989990234375
145,-0.7,-27.989990234375
57,-0.7,-27.989990234375
1039,-0.8,-27.989990234375
814,0.8,-27.989990234375
141,-0.8,-27.989990234375
250,-0.8,-27.989990234375
792,-0.7,-27.989990234375
1117,-0.8,-27.989990234375
60,0.6,-27.989990234375
855,0.0,-27.989990234375
2064,-0.6,-27.989990234375
76,-0.7,-27.989990234375
489,-0.8,-27.989990234375
217,-0.8,-27.989990234375
235,0.3,-27.989990234375
240,0.6,-27.989990234375
165,-0.7,-27.989990234375
270,-0.7,-27.989990234375
69,0.6,-27.989990234375
132,0.8,-27.989990234375
442,-0.8,-27.989990234375
71,0.6,-27.989990234375
73,0.6,-27.989990234375
322,0.8,-27.989990234375
325,0.8,-27.989990234375
80,0.2,-27.989990234375
76,0.2,-27.989990234375
99,0.0,-27.989990234375
58,0.0,-27.989990234375
171,-0.8,-27.989990234375
75,-0.6,1.0199890136719318
73,0.6,8.220001220703068
74,0.6,8.220001220703068
71,0.2,8.220001220703068
80,0.6,8.220001220703068
95,-0.7,8.220001220703068
85,-0.7,8.220001220703068
171,0.2,8.220001220703068
117,0.3,8.220001220703068
917,0.2,8.220001220703068
131,0.2,8.220001220703068
1917,-0.8,8.220001220703068
144,-0.6,8.220001220703068
100,-0.8,8.220001220703068
153,-0.6,8.220001220703068
359,-0.8,8.220001220703068
1225,-0.7,8.220001220703068
2353,0.2,8.220001220703068
825,0.6,8.220001220703068
86,-0.7,8.220001220703068
140,-0.8,8.220001220703068
65,-0.7,8.220001220703068
156,-0.8,8.220001220703068
1103,-0.8,8.220001220703068
168,0.2,8.220001220703068
267,0.2,8.220001220703068
194,0.2,8.220001220703068
67,0.6,8.220001220703068
144,0.7,8.220001220703068
95,0.0,8.220001220703068
127,-0.7,8.220001220703068
81,-0.8,8.220001220703068
216,-0.7,8.220001220703068
54,0.8,8.220001220703068
217,0.2,8.220001220703068
184,-0.8,8.220001220703068
94,0.3,8.220001220703068
190,0.2,8.220001220703068
50,0.2,8.220001220703068
57,0.0,8.220001220703068
214,0.2,8.220001220703068
63,-0.4,8.220001220703068
1087,-0.8,8.220001220703068
148,0.2,8.220001220703068
788,0.8,8.220001220703068
102,0.0,8.220001220703068
249,-0.8,8.220001220703068
551,-0.8,8.220001220703068
154,-0.8,8.220001220703068
186,0.0,8.220001220703068
1668,0.8,8.220001220703068
70,-0.8,8.220001220703068
57,0.6,8.220001220703068
177,0.8,8.220001220703068
243,0.6,8.220001220703068
64,-0.6,8.220001220703068
100,0.6,8.220001220703068
152,-0.7,8.220001220703068
117,-0.7,8.220001220703068
52,0.2,8.220001220703068
2615,0.6,8.220001220703068
162,0.0,8.220001220703068
217,0.5,8.220001220703068
240,1.0,8.220001220703068
299,0.0,8.220001220703068
302,0.6,8.220001220703068
270,0.0,8.220001220703068
123,-0.8,8.220001220703068
971,0.25,8.220001220703068
949,0.7,8.220001220703068
583,0.75,8.220001220703068
2004,0.2,8.220001220703068
203,0.8,8.220001220703068
88,-0.8,8.220001220703068
307,-0.7,8.220001220703068
231,-0.8,8.220001220703068
93,0.6,8.220001220703068
5547,0.6,8.220001220703068
804,0.0,8.220001220703068
314,-0.8,8.220001220703068
246,-0.7,8.220001220703068
586,0.8,8.220001220703068
673,0.6,8.220001220703068
104,-0.8,8.220001220703068
593,0.8,8.220001220703068
75,-0.7,8.220001220703068
279,-0.8,8.220001220703068
1857,0.8,8.220001220703068
134,0.8,8.220001220703068
1191,-0.8,8.220001220703068
811,0.2,8.220001220703068
122,-0.8,8.220001220703068
297,-0.8,8.220001220703068
81,0.5,8.220001220703068
865,-0.7,8.220001220703068
123,0.7,8.220001220703068
223,0.8,8.220001220703068
76,-0.8,8.220001220703068
167,0.2,8.220001220703068
54,0.6,8.220001220703068
111,0.75,8.220001220703068
121,0.2,8.220001220703068
488,-0.8,8.220001220703068
204,-0.8,8.220001220703068
135,0.2,8.220001220703068
594,-0.7,8.220001220703068
258,-0.8,8.220001220703068
57,0.8,8.220001220703068
375,-0.8,8.220001220703068
137,-0.8,8.220001220703068
275,0.7,8.220001220703068
355,-0.8,8.220001220703068
1491,0.0,8.220001220703068
943,0.6,8.220001220703068
866,0.6,3.08001708984375
86,0.6,3.08001708984375
264,0.1,3.08001708984375
330,-0.8,3.08001708984375
78,0.6,3.08001708984375
53,0.0,3.08001708984375
168,0.2,3.08001708984375
433,0.7,3.08001708984375
233,-0.6,-0.07998657226568184
232,0.2,-0.07998657226568184
62,0.2,-0.07998657226568184
139,0.2,-0.07998657226568184
66,0.2,-0.07998657226568184
76,0.2,-0.07998657226568184
289,0.0,-0.07998657226568184
212,0.2,-0.07998657226568184
143,-1.0,-0.07998657226568184
69,0.2,-0.07998657226568184
